unique_epitope_sequence,unique_epitope_position,unique_epitope_allele,unique_epitope_information,unique_epitope_reference,redundant-1_epitope_sequence,redundant-1_epitope_position,redundant-1_epitope_allele,redundant-1_epitope_information,redundant-1_epitope_reference,redundant-2_epitope_sequence,redundant-2_epitope_position,redundant-2_epitope_allele,redundant-2_epitope_information,redundant-2_epitope_reference,redundant-3_epitope_sequence,redundant-3_epitope_position,redundant-3_epitope_allele,redundant-3_epitope_information,redundant-3_epitope_reference,redundant-4_epitope_sequence,redundant-4_epitope_position,redundant-4_epitope_allele,redundant-4_epitope_information,redundant-4_epitope_reference,redundant-5_epitope_sequence,redundant-5_epitope_position,redundant-5_epitope_allele,redundant-5_epitope_information,redundant-5_epitope_reference,redundant-6_epitope_sequence,redundant-6_epitope_position,redundant-6_epitope_allele,redundant-6_epitope_information,redundant-6_epitope_reference,redundant-7_epitope_sequence,redundant-7_epitope_position,redundant-7_epitope_allele,redundant-7_epitope_information,redundant-7_epitope_reference,redundant-8_epitope_sequence,redundant-8_epitope_position,redundant-8_epitope_allele,redundant-8_epitope_information,redundant-8_epitope_reference,redundant-9_epitope_sequence,redundant-9_epitope_position,redundant-9_epitope_allele,redundant-9_epitope_information,redundant-9_epitope_reference,redundant-10_epitope_sequence,redundant-10_epitope_position,redundant-10_epitope_allele,redundant-10_epitope_information,redundant-10_epitope_reference,redundant-11_epitope_sequence,redundant-11_epitope_position,redundant-11_epitope_allele,redundant-11_epitope_information,redundant-11_epitope_reference,redundant-12_epitope_sequence,redundant-12_epitope_position,redundant-12_epitope_allele,redundant-12_epitope_information,redundant-12_epitope_reference,redundant-13_epitope_sequence,redundant-13_epitope_position,redundant-13_epitope_allele,redundant-13_epitope_information,redundant-13_epitope_reference,redundant-14_epitope_sequence,redundant-14_epitope_position,redundant-14_epitope_allele,redundant-14_epitope_information,redundant-14_epitope_reference
"FMYSDFHFI","46-54","allele HLA-A*02:01; MHC class I; MHC gene A; MHC supertype A02; MHC group 02","host = Homo sapiens; source = Influenza A virus; molecule = PA; reported position = (46, 54); assay = ELISPOT / IFNg release","Wenji Zhang; Ioana Moldovan; Oleg S Targoni; Ramu A Subbramanian; Paul V Lehmann. Viruses. 2012. PMID 23202497","FMYSDFHFI","46-54","allele HLA-A*02:01; MHC class I; MHC gene A; MHC supertype A02; MHC group 02","host = Homo sapiens; source = Influenza A virus; molecule = Polymerase acidic protein; reported position = (46, 54); assay = ELISPOT / IFNg release","Amabel C L Tan; Georgia Deliyannis; Mandvi Bharadwaj; Lorena E Brown; Weiguang Zeng; David C Jackson. Immunol Cell Biol. 2013. PMID 23146941","FMYSDFHFI","46-54","allele HLA-A*02:01; MHC class I; MHC gene A; MHC supertype A02; MHC group 02","host = Homo sapiens; source = Influenza A virus; molecule = polymerase PA; reported position = (46, 54); assay = ELISPOT / IFNg release","Jeff Alexander; Pamuk Bilsel; Marie-France del Guercio; Aleksandra Marinkovic-Petrovic; Scott Southwood; Stephani Stewart; Glenn Ishioka; Maya F Kotturi; Jason Botten; John Sidney; Mark Newman; Alessandro Sette. Hum Immunol. 2010. PMID 20156506","FMYSDFHFI","46-54","allele HLA-A*02:02; MHC class I; MHC gene A; MHC supertype A02; MHC group 02","host = Homo sapiens; source = Influenza A virus; molecule = polymerase PA; reported position = (46, 54); assay = ELISPOT / IFNg release","Jeff Alexander; Pamuk Bilsel; Marie-France del Guercio; Aleksandra Marinkovic-Petrovic; Scott Southwood; Stephani Stewart; Glenn Ishioka; Maya F Kotturi; Jason Botten; John Sidney; Mark Newman; Alessandro Sette. Hum Immunol. 2010. PMID 20156506","FMYSDFHFI","46-54","allele HLA-A*02:03; MHC class I; MHC gene A; MHC supertype A02; MHC group 02","host = Homo sapiens; source = Influenza A virus; molecule = polymerase PA; reported position = (46, 54); assay = ELISPOT / IFNg release","Jeff Alexander; Pamuk Bilsel; Marie-France del Guercio; Aleksandra Marinkovic-Petrovic; Scott Southwood; Stephani Stewart; Glenn Ishioka; Maya F Kotturi; Jason Botten; John Sidney; Mark Newman; Alessandro Sette. Hum Immunol. 2010. PMID 20156506","FMYSDFHFI","46-54","allele HLA-A*02:06; MHC class I; MHC gene A; MHC supertype A02; MHC group 02","host = Homo sapiens; source = Influenza A virus; molecule = polymerase PA; reported position = (46, 54); assay = ELISPOT / IFNg release","Jeff Alexander; Pamuk Bilsel; Marie-France del Guercio; Aleksandra Marinkovic-Petrovic; Scott Southwood; Stephani Stewart; Glenn Ishioka; Maya F Kotturi; Jason Botten; John Sidney; Mark Newman; Alessandro Sette. Hum Immunol. 2010. PMID 20156506","FMYSDFHFI","46-54","allele HLA-A*02:01; MHC class I; MHC gene A; MHC supertype A02; MHC group 02","host = Homo sapiens; source = Influenza A virus (A/Puerto Rico/8/1934(H1N1)); molecule = Polymerase acidic protein; reported position = (46, 54); assay = 51 chromium / cytotoxicity","C Gianfrani; C Oseroff; J Sidney; R W Chesnut; A Sette. Hum Immunol. 2000. PMID 10773346","FMYSDFHFI","46-54","allele HLA-A*02:01; MHC class I; MHC gene A; MHC supertype A02; MHC group 02","host = Homo sapiens; source = Influenza A virus (A/Puerto Rico/8/1934(H1N1)); molecule = Polymerase acidic protein; reported position = (46, 54); assay = 51 chromium / cytotoxicity","C Gianfrani; C Oseroff; J Sidney; R W Chesnut; A Sette. Hum Immunol. 2000. PMID 10773346","FMYSDFHFI","46-54","allele HLA-A2; MHC class I; MHC gene A; MHC supertype A02; MHC group None","host = Homo sapiens; source = Influenza A virus; molecule = polymerase PA; reported position = (46, 54); assay = ELISPOT / IFNg release","Amabel C L Tan; Nicole L La Gruta; Weiguang Zeng; David C Jackson. J Immunol. 2011. PMID 21765016","FMYSDFHFI","46-54","allele HLA-Class I, allele undetermined; MHC class I; MHC gene None; MHC supertype None; MHC group None","host = Homo sapiens; source = Influenza A virus; molecule = polymerase PA; reported position = (46, 54); assay = ICS / IFNg release","Jessica B Lee; Mathias Oelke; Lakshmi Ramachandra; David H Canaday; Jonathan P Schneck. Immun Ageing. 2011. PMID 21846352",,,,,,,,,,,,,,,,,,,,,
"FMYSDFHFI","46-54","allele HLA-A*68:02; MHC class I; MHC gene A; MHC supertype A02; MHC group 68","host = Homo sapiens; source = Influenza A virus; molecule = polymerase PA; reported position = (46, 54); assay = ELISPOT / IFNg release","Jeff Alexander; Pamuk Bilsel; Marie-France del Guercio; Aleksandra Marinkovic-Petrovic; Scott Southwood; Stephani Stewart; Glenn Ishioka; Maya F Kotturi; Jason Botten; John Sidney; Mark Newman; Alessandro Sette. Hum Immunol. 2010. PMID 20156506",,,,,,,,,,,,,,,,,,,,,,,,,,,,,,,,,,,,,,,,,,,,,,,,,,,,,,,,,
"RTMAWTVVNSI","84-94","allele HLA-A2; MHC class I; MHC gene A; MHC supertype A02; MHC group None","host = Homo sapiens; source = Influenza A virus; molecule = polymerase PA; reported position = (84, 94); assay = ELISPOT / IFNg release","Erika Assarsson; Huynh-Hoa Bui; John Sidney; Qing Zhang; Jean Glenn; Carla Oseroff; Innocent N Mbawuike; Jeff Alexander; Mark J Newman; Howard Grey; Alessandro Sette. J Virol. 2008. PMID 18842709",,,,,,,,,,,,,,,,,,,,,,,,,,,,,,,,,,,,,,,,,,,,,,,,,,,,,,,,,
"AEKPKFLPDLY","100-110","allele HLA-B44; MHC class I; MHC gene B; MHC supertype B44; MHC group None","host = Homo sapiens; source = Influenza A virus; molecule = polymerase PA; reported position = (100, 110); assay = ELISPOT / IFNg release","Erika Assarsson; Huynh-Hoa Bui; John Sidney; Qing Zhang; Jean Glenn; Carla Oseroff; Innocent N Mbawuike; Jeff Alexander; Mark J Newman; Howard Grey; Alessandro Sette. J Virol. 2008. PMID 18842709",,,,,,,,,,,,,,,,,,,,,,,,,,,,,,,,,,,,,,,,,,,,,,,,,,,,,,,,,
"KFLPDLYDYK","104-113","allele HLA-A*03:01; MHC class I; MHC gene A; MHC supertype A03; MHC group 03","host = Homo sapiens; source = Influenza A virus; molecule = polymerase PA; reported position = (104, 113); assay = ELISPOT / IFNg release","Jeff Alexander; Pamuk Bilsel; Marie-France del Guercio; Aleksandra Marinkovic-Petrovic; Scott Southwood; Stephani Stewart; Glenn Ishioka; Maya F Kotturi; Jason Botten; John Sidney; Mark Newman; Alessandro Sette. Hum Immunol. 2010. PMID 20156506",,,,,,,,,,,,,,,,,,,,,,,,,,,,,,,,,,,,,,,,,,,,,,,,,,,,,,,,,
"KFLPDLYDYK","104-113","allele HLA-A*11:01; MHC class I; MHC gene A; MHC supertype A03; MHC group 11","host = Homo sapiens; source = Influenza A virus; molecule = polymerase PA; reported position = (104, 113); assay = ELISPOT / IFNg release","Jeff Alexander; Pamuk Bilsel; Marie-France del Guercio; Aleksandra Marinkovic-Petrovic; Scott Southwood; Stephani Stewart; Glenn Ishioka; Maya F Kotturi; Jason Botten; John Sidney; Mark Newman; Alessandro Sette. Hum Immunol. 2010. PMID 20156506",,,,,,,,,,,,,,,,,,,,,,,,,,,,,,,,,,,,,,,,,,,,,,,,,,,,,,,,,
"KFLPDLYDYK","104-113","allele HLA-A*31:01; MHC class I; MHC gene A; MHC supertype A03; MHC group 31","host = Homo sapiens; source = Influenza A virus; molecule = polymerase PA; reported position = (104, 113); assay = ELISPOT / IFNg release","Jeff Alexander; Pamuk Bilsel; Marie-France del Guercio; Aleksandra Marinkovic-Petrovic; Scott Southwood; Stephani Stewart; Glenn Ishioka; Maya F Kotturi; Jason Botten; John Sidney; Mark Newman; Alessandro Sette. Hum Immunol. 2010. PMID 20156506",,,,,,,,,,,,,,,,,,,,,,,,,,,,,,,,,,,,,,,,,,,,,,,,,,,,,,,,,
"KFLPDLYDYK","104-113","allele HLA-A*68:01; MHC class I; MHC gene A; MHC supertype A03; MHC group 68","host = Homo sapiens; source = Influenza A virus; molecule = polymerase PA; reported position = (104, 113); assay = ELISPOT / IFNg release","Jeff Alexander; Pamuk Bilsel; Marie-France del Guercio; Aleksandra Marinkovic-Petrovic; Scott Southwood; Stephani Stewart; Glenn Ishioka; Maya F Kotturi; Jason Botten; John Sidney; Mark Newman; Alessandro Sette. Hum Immunol. 2010. PMID 20156506",,,,,,,,,,,,,,,,,,,,,,,,,,,,,,,,,,,,,,,,,,,,,,,,,,,,,,,,,
"YYLEKANKI","130-138","allele HLA-A*24:02; MHC class I; MHC gene A; MHC supertype A24; MHC group 24","host = Homo sapiens; source = Influenza A virus; molecule = PA; reported position = (130, 138); assay = ELISPOT / IFNg release","Jeff Alexander; Pamuk Bilsel; Marie-France del Guercio; Aleksandra Marinkovic-Petrovic; Scott Southwood; Stephani Stewart; Glenn Ishioka; Maya F Kotturi; Jason Botten; John Sidney; Mark Newman; Alessandro Sette. Hum Immunol. 2010. PMID 20156506",,,,,,,,,,,,,,,,,,,,,,,,,,,,,,,,,,,,,,,,,,,,,,,,,,,,,,,,,
"YYLEKANKI","130-138","allele HLA-A*23:01; MHC class I; MHC gene A; MHC supertype A24; MHC group 23","host = Homo sapiens; source = Influenza A virus; molecule = PA; reported position = (130, 138); assay = ELISPOT / IFNg release","Jeff Alexander; Pamuk Bilsel; Marie-France del Guercio; Aleksandra Marinkovic-Petrovic; Scott Southwood; Stephani Stewart; Glenn Ishioka; Maya F Kotturi; Jason Botten; John Sidney; Mark Newman; Alessandro Sette. Hum Immunol. 2010. PMID 20156506",,,,,,,,,,,,,,,,,,,,,,,,,,,,,,,,,,,,,,,,,,,,,,,,,,,,,,,,,
"SLENFRAYV","225-233","allele HLA-A*02:01; MHC class I; MHC gene A; MHC supertype A02; MHC group 02","host = Homo sapiens; source = Influenza A virus (A/Puerto Rico/8/1934(H1N1)); molecule = Polymerase acidic protein; reported position = (225, 233); assay = 51 chromium / cytotoxicity","C Gianfrani; C Oseroff; J Sidney; R W Chesnut; A Sette. Hum Immunol. 2000. PMID 10773346","SLENFRAYV","225-233","allele HLA-A*02:01; MHC class I; MHC gene A; MHC supertype A02; MHC group 02","host = Homo sapiens; source = Influenza A virus (A/Puerto Rico/8/1934(H1N1)); molecule = Polymerase acidic protein; reported position = (225, 233); assay = 51 chromium / cytotoxicity","C Gianfrani; C Oseroff; J Sidney; R W Chesnut; A Sette. Hum Immunol. 2000. PMID 10773346","SLENFRAYV","225-233","allele HLA-Class I, allele undetermined; MHC class I; MHC gene None; MHC supertype None; MHC group None","host = Homo sapiens; source = Influenza A virus; molecule = polymerase A; reported position = (225, 233); assay = ICS / IFNg release","Jessica B Lee; Mathias Oelke; Lakshmi Ramachandra; David H Canaday; Jonathan P Schneck. Immun Ageing. 2011. PMID 21846352",,,,,,,,,,,,,,,,,,,,,,,,,,,,,,,,,,,,,,,,,,,,,,,,,
"QLMWALGENMA","365-375","allele HLA-A2; MHC class I; MHC gene A; MHC supertype A02; MHC group None","host = Homo sapiens; source = Influenza A virus; molecule = Polymerase acidic protein; reported position = (365, 375); assay = ELISPOT / IFNg release","Erika Assarsson; Huynh-Hoa Bui; John Sidney; Qing Zhang; Jean Glenn; Carla Oseroff; Innocent N Mbawuike; Jeff Alexander; Mark J Newman; Howard Grey; Alessandro Sette. J Virol. 2008. PMID 18842709",,,,,,,,,,,,,,,,,,,,,,,,,,,,,,,,,,,,,,,,,,,,,,,,,,,,,,,,,
"CELTDSSWI","415-423","allele HLA-B44; MHC class I; MHC gene B; MHC supertype B44; MHC group None","host = Homo sapiens; source = Influenza A virus; molecule = polymerase PA; reported position = (415, 423); assay = ELISPOT / IFNg release","Erika Assarsson; Huynh-Hoa Bui; John Sidney; Qing Zhang; Jean Glenn; Carla Oseroff; Innocent N Mbawuike; Jeff Alexander; Mark J Newman; Howard Grey; Alessandro Sette. J Virol. 2008. PMID 18842709",,,,,,,,,,,,,,,,,,,,,,,,,,,,,,,,,,,,,,,,,,,,,,,,,,,,,,,,,
"YINTALLNA","464-472","allele HLA-A*02:01; MHC class I; MHC gene A; MHC supertype A02; MHC group 02","host = Homo sapiens; source = Influenza A virus (A/Cygnus olor/Czech Republic/10732/07(H5N1)); molecule = polymerase PA; reported position = None; assay = ELISPOT / IFNg release","James S Testa; Vivekananda Shetty; Julie Hafner; Zacharie Nickens; Shivali Kamal; Gomathinayagam Sinnathamby; Ramila Philip. PLoS ONE. 2012. PMID 23144892","YINTALLNA","464-472","allele HLA-A*02:01; MHC class I; MHC gene A; MHC supertype A02; MHC group 02","host = Homo sapiens; source = Influenza A virus (A/Cygnus olor/Czech Republic/10732/07(H5N1)); molecule = polymerase PA; reported position = None; assay = ELISPOT / IFNg release","James S Testa; Vivekananda Shetty; Julie Hafner; Zacharie Nickens; Shivali Kamal; Gomathinayagam Sinnathamby; Ramila Philip. PLoS ONE. 2012. PMID 23144892","YINTALLNA","464-472","allele HLA-A*02:01; MHC class I; MHC gene A; MHC supertype A02; MHC group 02","host = Homo sapiens; source = Influenza A virus (A/Cygnus olor/Czech Republic/10732/07(H5N1)); molecule = polymerase PA; reported position = None; assay = ELISPOT / IFNg release","James S Testa; Vivekananda Shetty; Julie Hafner; Zacharie Nickens; Shivali Kamal; Gomathinayagam Sinnathamby; Ramila Philip. PLoS ONE. 2012. PMID 23144892","YINTALLNA","464-472","allele HLA-A*02:01; MHC class I; MHC gene A; MHC supertype A02; MHC group 02","host = Homo sapiens; source = Influenza A virus (A/Memphis/10/1996(H1N1)); molecule = Polymerase acidic protein; reported position = None; assay = ELISPOT / IFNg release","James S Testa; Vivekananda Shetty; Julie Hafner; Zacharie Nickens; Shivali Kamal; Gomathinayagam Sinnathamby; Ramila Philip. PLoS ONE. 2012. PMID 23144892","YINTALLNA","464-472","allele HLA-A*02:01; MHC class I; MHC gene A; MHC supertype A02; MHC group 02","host = Homo sapiens; source = Influenza A virus (A/Memphis/10/1996(H1N1)); molecule = Polymerase acidic protein; reported position = None; assay = ELISPOT / IFNg release","James S Testa; Vivekananda Shetty; Julie Hafner; Zacharie Nickens; Shivali Kamal; Gomathinayagam Sinnathamby; Ramila Philip. PLoS ONE. 2012. PMID 23144892","YINTALLNA","464-472","allele HLA-A*02:01; MHC class I; MHC gene A; MHC supertype A02; MHC group 02","host = Homo sapiens; source = Influenza A virus (A/Memphis/10/1996(H1N1)); molecule = Polymerase acidic protein; reported position = None; assay = ELISPOT / IFNg release","James S Testa; Vivekananda Shetty; Julie Hafner; Zacharie Nickens; Shivali Kamal; Gomathinayagam Sinnathamby; Ramila Philip. PLoS ONE. 2012. PMID 23144892","YINTALLNA","464-472","allele HLA-A*02:01; MHC class I; MHC gene A; MHC supertype A02; MHC group 02","host = Homo sapiens; source = Influenza A virus (A/Kitakyushu/93(H3N2)); molecule = Polymerase acidic protein; reported position = None; assay = ELISPOT / IFNg release","James S Testa; Vivekananda Shetty; Julie Hafner; Zacharie Nickens; Shivali Kamal; Gomathinayagam Sinnathamby; Ramila Philip. PLoS ONE. 2012. PMID 23144892","YINTALLNA","464-472","allele HLA-A*02:01; MHC class I; MHC gene A; MHC supertype A02; MHC group 02","host = Homo sapiens; source = Influenza A virus (A/Kitakyushu/93(H3N2)); molecule = Polymerase acidic protein; reported position = None; assay = ELISPOT / IFNg release","James S Testa; Vivekananda Shetty; Julie Hafner; Zacharie Nickens; Shivali Kamal; Gomathinayagam Sinnathamby; Ramila Philip. PLoS ONE. 2012. PMID 23144892","YINTALLNA","464-472","allele HLA-A*02:01; MHC class I; MHC gene A; MHC supertype A02; MHC group 02","host = Homo sapiens; source = Influenza A virus (A/Kitakyushu/93(H3N2)); molecule = Polymerase acidic protein; reported position = None; assay = ELISPOT / IFNg release","James S Testa; Vivekananda Shetty; Julie Hafner; Zacharie Nickens; Shivali Kamal; Gomathinayagam Sinnathamby; Ramila Philip. PLoS ONE. 2012. PMID 23144892","YINTALLNA","464-472","allele HLA-A*02:01; MHC class I; MHC gene A; MHC supertype A02; MHC group 02","host = Homo sapiens; source = Influenza A virus (A/equine/Tennessee/5/1986(H3N8)); molecule = Polymerase acidic protein; reported position = None; assay = ELISPOT / IFNg release","James S Testa; Vivekananda Shetty; Julie Hafner; Zacharie Nickens; Shivali Kamal; Gomathinayagam Sinnathamby; Ramila Philip. PLoS ONE. 2012. PMID 23144892","YINTALLNA","464-472","allele HLA-A*02:01; MHC class I; MHC gene A; MHC supertype A02; MHC group 02","host = Homo sapiens; source = Influenza A virus (A/equine/Tennessee/5/1986(H3N8)); molecule = Polymerase acidic protein; reported position = None; assay = ELISPOT / IFNg release","James S Testa; Vivekananda Shetty; Julie Hafner; Zacharie Nickens; Shivali Kamal; Gomathinayagam Sinnathamby; Ramila Philip. PLoS ONE. 2012. PMID 23144892","YINTALLNA","464-472","allele HLA-A*02:01; MHC class I; MHC gene A; MHC supertype A02; MHC group 02","host = Homo sapiens; source = Influenza A virus (A/equine/Tennessee/5/1986(H3N8)); molecule = Polymerase acidic protein; reported position = None; assay = ELISPOT / IFNg release","James S Testa; Vivekananda Shetty; Julie Hafner; Zacharie Nickens; Shivali Kamal; Gomathinayagam Sinnathamby; Ramila Philip. PLoS ONE. 2012. PMID 23144892","YINTALLNA","464-472","allele HLA-A*02:01; MHC class I; MHC gene A; MHC supertype A02; MHC group 02","host = Homo sapiens; source = Influenza A virus (A/ruddy turnstone/New Jersey/47/1985(H4N6)); molecule = Polymerase acidic protein; reported position = None; assay = ELISPOT / IFNg release","James S Testa; Vivekananda Shetty; Julie Hafner; Zacharie Nickens; Shivali Kamal; Gomathinayagam Sinnathamby; Ramila Philip. PLoS ONE. 2012. PMID 23144892","YINTALLNA","464-472","allele HLA-A*02:01; MHC class I; MHC gene A; MHC supertype A02; MHC group 02","host = Homo sapiens; source = Influenza A virus (A/ruddy turnstone/New Jersey/47/1985(H4N6)); molecule = Polymerase acidic protein; reported position = None; assay = ELISPOT / IFNg release","James S Testa; Vivekananda Shetty; Julie Hafner; Zacharie Nickens; Shivali Kamal; Gomathinayagam Sinnathamby; Ramila Philip. PLoS ONE. 2012. PMID 23144892","YINTALLNA","464-472","allele HLA-A*02:01; MHC class I; MHC gene A; MHC supertype A02; MHC group 02","host = Homo sapiens; source = Influenza A virus (A/ruddy turnstone/New Jersey/47/1985(H4N6)); molecule = Polymerase acidic protein; reported position = None; assay = ELISPOT / IFNg release","James S Testa; Vivekananda Shetty; Julie Hafner; Zacharie Nickens; Shivali Kamal; Gomathinayagam Sinnathamby; Ramila Philip. PLoS ONE. 2012. PMID 23144892",
"SVKEKDMTK","601-609","allele HLA-B8; MHC class I; MHC gene B; MHC supertype B08; MHC group None","host = Homo sapiens; source = Influenza A virus; molecule = polymerase PA; reported position = (601, 609); assay = ELISPOT / IFNg release","Mingjun Wang; Kasper Lamberth; Mikkel Harndahl; Gustav Røder; Anette Stryhn; Mette V Larsen; Morten Nielsen; Claus Lundegaard; Sheila T Tang; Morten H Dziegiel; Jørgen Rosenkvist; Anders E Pedersen; Søren Buus; Mogens H Claesson; Ole Lund. Vaccine. 2007. PMID 17254671",,,,,,,,,,,,,,,,,,,,,,,,,,,,,,,,,,,,,,,,,,,,,,,,,,,,,,,,,
"LYASPQLEGF","649-658","allele HLA-A*24:02; MHC class I; MHC gene A; MHC supertype A24; MHC group 24","host = Homo sapiens; source = Influenza A virus (A/California/04/2009(H1N1)); molecule = polymerase PA; reported position = (649, 658); assay = ELISPOT / IFNg release","Jun Liu; Shihong Zhang; Shuguang Tan; Yong Yi; Bin Wu; Bin Cao; Fengcai Zhu; Chen Wang; Hua Wang; Jianxun Qi; George F Gao. J Virol. 2012. PMID 23015716",,,,,,,,,,,,,,,,,,,,,,,,,,,,,,,,,,,,,,,,,,,,,,,,,,,,,,,,,
"LYASPQLEGF","649-658","allele HLA-A*11:01; MHC class I; MHC gene A; MHC supertype A03; MHC group 11","host = Homo sapiens; source = Influenza A virus (A/California/04/2009(H1N1)); molecule = polymerase PA; reported position = (649, 658); assay = ELISPOT / IFNg release","Jun Liu; Shihong Zhang; Shuguang Tan; Yong Yi; Bin Wu; Bin Cao; Fengcai Zhu; Chen Wang; Hua Wang; Jianxun Qi; George F Gao. J Virol. 2012. PMID 23015716",,,,,,,,,,,,,,,,,,,,,,,,,,,,,,,,,,,,,,,,,,,,,,,,,,,,,,,,,
"AESRKLLLI","660-668","allele HLA-B44; MHC class I; MHC gene B; MHC supertype B44; MHC group None","host = Homo sapiens; source = Influenza A virus; molecule = polymerase PA; reported position = (660, 668); assay = ELISPOT / IFNg release","Erika Assarsson; Huynh-Hoa Bui; John Sidney; Qing Zhang; Jean Glenn; Carla Oseroff; Innocent N Mbawuike; Jeff Alexander; Mark J Newman; Howard Grey; Alessandro Sette. J Virol. 2008. PMID 18842709",,,,,,,,,,,,,,,,,,,,,,,,,,,,,,,,,,,,,,,,,,,,,,,,,,,,,,,,,
